0;0.55155889766729704
1;0.21849665904640247
2;0.08685976165308619
3;0.035269166554921148
4;0.01598314938379353
5;0.0099792844247923295
6;0.0086146242199670198
7;0.0083249380610576316
8;0.0082231100680471812
9;0.0081519154529663095
10;0.0080859982138148136
11;0.0080213330038145254
12;0.0079572831692502014
13;0.0078937449813480283
14;0.0078306990630438444
15;0.0077681389205931832
16;0.007706061509255702
17;0.0076444612061301051
18;0.0075833392426400406
19;0.0075226881618919769
20;0.0074625033891747468
21;0.007402787726007061
22;0.0073435318040627577
23;0.0072847358450938392
24;0.0072263942428149987
25;0.0071685037525694075
26;0.0071110638567631187
27;0.0070540678443228016
28;0.0069975155673425073
29;0.0069414000190241255
30;0.0068857209774531849
31;0.006830476672397277
32;0.0067756603190313432
33;0.0067212714734353213
34;0.0066673051209989046
35;0.0066137594175511901
36;0.0065606305266821471
37;0.0065079152040445672
38;0.006455613375624461
39;0.0064037161905375053
40;0.0063522268929901652
41;0.0063011386243487753
42;0.0062504497625348243
43;0.0062001582411899316
44;0.006150258823829466
45;0.0061007495180749865
46;0.0060516271538962789
47;0.006002893131103919
48;0.0059545388951475122
49;0.0059065624536211335
50;0.0058589620363405587
51;0.0058117376432892075
52;0.00576488204558653
53;0.0057183938435908469
54;0.0056722726667626086
55;0.0056265149747459801
56;0.0055811121390984464
57;0.0055360710180855661
58;0.005491382686754206
59;0.0054470455232058243
60;0.0054030594532961124
61;0.0053594192407032107
62;0.0053161228928077699
63;0.0052731669434361306
64;0.0052305514667463403
65;0.0051882710039396138
66;0.0051463256291764611
67;0.0051047099578197296
68;0.0050634241382357401
69;0.0050224624890301871
70;0.0049818272254932173
71;0.0049415125920032367
72;0.0049015169667883281
73;0.0048618388023294393
74;0.0048224741130692
75;0.0047834214257049942
76;0.0047446786732018836
77;0.0047062409904763429
78;0.004668109776542871
79;0.0046302796467179302
80;0.0045927508979489058
81;0.004555517848601481
82;0.0045185843359283771
83;0.0044819431308783979
84;0.004445590544651142
85;0.0044095286444191754
86;0.0043737535928562938
87;0.0043382636198049064
88;0.0043030537862311551
89;0.0042681269639114061
90;0.0042334767408216409
91;0.0041991009011401285
92;0.0041650011406833224
93;0.0041311742906465316
94;0.0040976146691588215
95;0.0040643242692436519
96;0.0040312976319046004
97;0.0039985348314473951
98;0.0039660338747953654
99;0.0039337914446301156
100;0.0039018093854118465
101;0.0038700784748872197
102;0.0038386060165252734
103;0.0038073831597019211
104;0.0037764081343005709
105;0.0037456806429558009
106;0.0037152010573682013
107;0.0036849655399109407
108;0.0036549707733833552
109;0.0036252165347283594
110;0.0035957012025314046
111;0.0035664210878309792
112;0.0035373764137196615
113;0.0035085632681241224
114;0.0034799836442586159
115;0.003451632231772177
116;0.0034235071861729175
117;0.0033956083586895495
118;0.003367934425511177
119;0.0033404811025355518
120;0.003313247289140695
121;0.0032862362279984128
122;0.0032594389941319785
123;0.0032328558851455369
124;0.0032064881503318398
125;0.0031803344659986315
126;0.0031543892985906857
127;0.0031286508779917854
128;0.0031031209743087153
129;0.0030777979662700498
130;0.0030526760970129877
131;0.0030277595021419475
132;0.0030030405802426211
133;0.0029785213991339273
134;0.002954200114283169
135;0.0029300765768152069
136;0.0029061436318488115
137;0.0028824052662480681
138;0.002858860958912112
139;0.0028355021570890902
140;0.0028123358667579536
141;0.0027893548585893463
142;0.0027665592814887533
143;0.0027439472164354187
144;0.0027215171167073063
145;0.0026992686844545533
146;0.0026772003729653012
147;0.0026553103376750166
148;0.0026335984296372962
149;0.0026120594130134428
150;0.0025906969769597115
151;0.0025695038921244701
152;0.0025484853943225855
153;0.0025276344031474954
154;0.0025069547567457993
155;0.002486438927798448
156;0.0024660906799645692
157;0.0024459080941565182
158;0.0024258896982588623
159;0.0024060316540941698
160;0.0023863341106609621
161;0.0023667967699430542
162;0.0023474181598553334
163;0.0023281964357996792
164;0.0023091281321002285
165;0.0022902183355077866
166;0.0022714581955396761
167;0.0022528515504503044
168;0.002234398102173441
169;0.0022160908448510862
170;0.0021979331696194244
171;0.0021799236044819496
172;0.0021620583111511167
173;0.0021443411279248215
174;0.0021267647508518158
175;0.0021093344156664123
176;0.0020920412719062352
177;0.0020748909279938179
178;0.0020578795455992054
179;0.0020410071992592138
180;0.0020242701997039833
181;0.0020076706897492851
182;0.0019912063774788912
183;0.0019748742445535351
184;0.0019586775329574046
185;0.0019426107087570433
186;0.0019266724491895624
187;0.0019108677662966578
188;0.0018951879587574692
189;0.001879638262275469
190;0.0018642134411562155
191;0.0018489166627452176
192;0.0018337413686562063
193;0.0018186906516597305
194;0.0018037649591699401
195;0.0017889566142801478
196;0.0017742715238209933
197;0.0017597057747595036
198;0.0017452575970053387
199;0.0017309289097963997
200;0.0017167144028873986
201;0.0017026174672832275
202;0.0016886344136437747
203;0.0016747657640608098
204;0.0016610109964387779
205;0.0016473669435497736
206;0.0016338366980198572
207;0.0016204135524721837
208;0.0016071010470773497
209;0.0015938970387815749
210;0.0015808019751555387
211;0.0015678119430560041
212;0.0015549307064358618
213;0.0015421511103780711
214;0.0015294783159150627
215;0.0015169073858260216
216;0.0015044414126435372
217;0.0014920753099439846
218;0.00147980907772969
219;0.0014676443368593127
220;0.0014555795410850913
221;0.0014436126964953522
222;0.0014317423314677519
223;0.0014199715384687766
224;0.001408295231108599
225;0.0013967135586250908
226;0.0013852279926213995
227;0.0013738352168019801
228;0.0013625370012485031
229;0.0013513312773899358
230;0.0013402165736445398
231;0.0013291909706877629
232;0.0013182563132216295
233;0.0013074125266179458
234;0.0012966578407999643
235;0.0012859870948069426
236;0.0012754088404839698
237;0.0012649145259897427
238;0.0012545074675715943
239;0.001244180734205267
240;0.0012339428777084719
241;0.001223789035687166
242;0.0012137171395167035
243;0.0012037290339089674
244;0.0011938211040757344
245;0.0011839952693764085
246;0.0011742476910881329
247;0.0011645821332880626
248;0.0011549952051263142
249;0.0011454866080185466
250;0.001136056416609173
251;0.0011267047055479376
252;0.0011174260899713411
253;0.0011082257307859253
254;0.0010991004611132927
255;0.0010900499076873448
256;0.0010810743691257469
257;0.0010721719260508547
258;0.0010633405844157754
259;0.0010545843323103224
260;0.0010458973369102582
261;0.0010372836609733559
262;0.0010287377703151895
263;0.0010202648258165307
264;0.0010118613619987801
265;0.0010035256834570845
266;0.00099525786485954709
267;0.00098705937760905403
268;0.00097892875030398713
269;0.00097086221880443569
270;0.00096286170251561661
271;0.00095492889683679175
272;0.00094706033630292789
273;0.00093925771631180131
274;0.0009315174220533676
275;0.00092383952820034769
276;0.00091622587949593962
277;0.00090867625191267732
278;0.00090118740402090605
279;0.00089375911179222721
280;0.0008863932199703209
281;0.00087908965387491472
282;0.00087184133323927942
283;0.00086465548769028983
284;0.0008575284277340322
285;0.00085046030273589672
286;0.00084344904389609837
287;0.00083649494994971895
288;0.00082959787152875114
289;0.00082275957869741621
290;0.00081597483594651754
291;0.00080924710871997923
292;0.00080257462695185048
293;0.0007959573906416343
294;0.0007893952504101757
295;0.00078288518895568008
296;0.00077642837882417408
297;0.00077002688884243004
298;0.00076367710419035842
299;0.0007573788007851467
300;0.00075113257618005848
301;0.00074493591336464863
302;0.00073879472009289804
303;0.00073269969787030285
304;0.00072665667976543492
305;0.00072066337283420976
306;0.00071471985177005341
307;0.00070882464530676943
308;0.00070297752934746032
309;0.0006971785785922452
310;0.00069142594827706762
311;0.00068572140846348344
312;0.00068006495915110725
313;0.00067445505438837035
314;0.00066888940118533754
315;0.00066337228671068131
316;0.00065789757902247651
317;0.00065247126065870248
318;0.00064708742378305191
319;0.00064174681546175498
320;0.00063645230345682458
321;0.00063120049705529054
322;0.00062599154567646018
323;0.00062082537461084558
324;0.00061570198385839652
325;0.00061062314348038417
326;0.00060558192265590741
327;0.00060058502806906383
328;0.00059562921844715498
329;0.00059071272373128092
330;0.0005858370151250842
331;0.00058100254091498409
332;0.00057620708275161038
333;0.00057145108892952721
334;0.00056673580649226573
335;0.00056205629884440117
336;0.00055741603138900395
337;0.00055281677418664451
338;0.00054825321705845417
339;0.00054372698062476294
340;0.00053923990966524336
341;0.00053478691815806096
342;0.00053037301740491496
343;0.00052599481672658123
344;0.00052165216667992187
345;0.00051734529142982212
346;0.00051307404153353906
347;0.00050883664693103904
348;0.00050463487768095212
349;0.00050047057856634819
350;0.00049633666935399833
351;0.00049224000609941634
352;0.00048817365802155451
353;0.00048414485480451406
354;0.00048014813682229835
355;0.00047618173401638272
356;0.00047225095656194084
357;0.00046835041955538677
358;0.00046448219197039607
359;0.00046064752075873362
360;0.0004568433141827392
361;0.0004530712675716694
362;0.00044932938667560407
363;0.00044561782095602315
364;0.00044193841520079156
365;0.00043828755456479479
366;0.00043466870443099767
367;0.00043107847414915835
368;0.00042751663951970918
369;0.00042398696485772941
370;0.00042048576058130742
371;0.00041701317615815218
372;0.00041356721732837377
373;0.00041015157367559611
374;0.00040676469934986144
375;0.00040340422640470618
376;0.00040007060326053152
377;0.00039676737002931667
378;0.00039348899233136676
379;0.00039023923449068963
380;0.00038701610223872352
381;0.00038381804973144457
382;0.0003806466975506802
383;0.00037750381575130256
384;0.00037438416890388476
385;0.0003712911476416013
386;0.0003682249761831191
387;0.00036518203967849175
388;0.00036216565401588524
389;0.00035917250330697498
390;0.00035620450708904414
391;0.00035326121691377351
392;0.00035034308123402399
393;0.000347447956279386
394;0.00034457783633557891
395;0.00034173264665932437
396;0.00033890892188119791
397;0.00033610843206012135
398;0.00033333264827316728
399;0.0003305767088168286
400;0.00032784569962953617
401;0.00032513770116414354
402;0.00032245131708767742
403;0.00031978440362182269
404;0.00031714249516816897
405;0.00031452374692547734
406;0.00031192277398166041
407;0.00030934503599469631
408;0.00030678876291129518
409;0.00030425380523626351
410;0.0003017401629680253
411;0.00029924791085718242
412;0.00029677365828535007
413;0.00029431895106844038
414;0.00029188732931177696
415;0.00028947532765659275
416;0.00028708309560187553
417;0.00028471025939669881
418;0.00028235896284836362
419;0.00028002536684567682
420;0.00027770962089048769
421;0.0002754136445346396
422;0.00027313898358626541
423;0.00027088032787813662
424;0.0002686412175188009
425;0.00026642180201279393
426;0.0002642201618019468
427;0.00026203644639010169
428;0.00025987043152032624
429;0.00025772064615120586
430;0.00025559195192309504
431;0.00025347963670064493
432;0.00025138317721116489
433;0.00024930618832027482
434;0.00024724565318726626
435;0.00024520082427534345
436;0.00024317384541497887
437;0.00024116479135504105
438;0.00023917189204735557
439;0.00023719477370875403
440;0.00023523381012203283
441;0.00023329077133805063
442;0.00023136196774179774
443;0.00022944724981478553
444;0.00022755230150288937
445;0.00022566981832303126
446;0.00022380326562539943
447;0.00022195471248764206
448;0.00022011854972521768
449;0.00021829839220067739
450;0.00021649438942912549
451;0.00021470639189619104
452;0.00021292893992297271
453;0.00021117125756776824
454;0.00020942427029139329
455;0.0002076932134940033
456;0.00020597484610478554
457;0.00020427410448398654
458;0.00020258243741284716
459;0.00020090832134583698
460;0.00019924689468963334
461;0.00019760147327135914
462;0.00019596682168999992
463;0.00019434810058555765
464;0.00019274022408105487
465;0.00019114466318251679
466;0.00018956518228246928
467;0.00018799824127366135
468;0.00018644369063445515
469;0.00018490175464805573
470;0.00018337390432154115
471;0.00018185866864741667
472;0.0001803541280524211
473;0.00017886205258837353
474;0.00017738406278272698
475;0.00017591706710144109
476;0.00017446231226264045
477;0.00017302017208064142
478;0.00017158865221313468
479;0.00017017136752943039
480;0.00016876492744771627
481;0.00016736733763028026
482;0.00016598383346668746
483;0.00016461301872121577
484;0.00016325105423962391
485;0.00016190155488793421
486;0.00016056105532736008
487;0.00015923287136491838
488;0.00015791553201063748
489;0.00015661235307270601
490;0.00015531632910868704
491;0.00015403114975818798
492;0.00015275821123003077
493;0.00015149427249837939
494;0.00015024279889687766
495;0.00014899855503364907
496;0.00014776662677034737
497;0.00014654546835017574
498;0.00014533522930684355
499;0.00014413177139836107
500;0.00014294092815771064
501;0.00014175908470814429
502;0.00014058609151889982
503;0.00013942364387738634
504;0.00013826865027161814
505;0.00013712766754414636
506;0.00013599206974215867
507;0.00013486724178551101
508;0.00013375303413800142
509;0.00013264598146516356
510;0.00013154962386987474
511;0.00013046226607030855
512;0.00012938360899138185
513;0.00012831233118853824
514;0.00012725167369965221
515;0.00012619802164230093
516;0.00012515513943448119
517;0.00012411948697196772
518;0.00012309430527902097
519;0.00012207642809542653
520;0.0001210674759393758
521;0.00012006375917128476
522;0.0001190726570664193
523;0.00011808509506812554
524;0.00011710984865882576
525;0.00011614021148191593
526;0.00011518104506902484
527;0.00011422910840428642
528;0.00011328425194488331
529;0.00011234662523073083
530;0.00011141769923834051
531;0.00011049445724060793
532;0.00010958338129137518
533;0.00010867422493593416
534;0.0001077757636581923
535;0.00010688453213135359
536;0.00010600192654393728
537;0.00010512323491101549
538;0.00010425493927049947
539;0.00010339217809724819
540;0.00010253657190658694
541;0.00010168789636711132
542;0.00010084837017798627
543;0.00010001385505744068
544;9.9186868753337059e-05
545;9.836681311917674e-05
546;9.755214241150669e-05
547;9.6748017241604347e-05
548;9.59441163763089e-05
549;9.5152680649615595e-05
550;9.4364635473265257e-05
551;9.3583820048029456e-05
552;9.2810234374313998e-05
553;9.2041809301253734e-05
554;9.1280688756089671e-05
555;9.0526498863541114e-05
556;8.9777693908144992e-05
557;8.9034572960976531e-05
558;8.8298233110724951e-05
559;8.756720342975218e-05
560;8.6843553034080182e-05
561;8.6125063249751783e-05
562;8.5413803213383802e-05
563;8.4706008510633846e-05
564;8.4007288372544387e-05
565;8.3310338297247854e-05
566;8.2622088913664188e-05
567;8.1939299237581534e-05
568;8.126019920723158e-05
569;8.0588104605546455e-05
570;7.9923090209370017e-05
571;7.9259995407456231e-05
572;7.8603980810548548e-05
573;7.795335114351981e-05
574;7.7309652125788673e-05
575;7.6669792303044862e-05
576;7.6036937910999302e-05
577;7.5407474084581113e-05
578;7.4781924204231416e-05
579;7.4165149819628131e-05
580;7.355169122046345e-05
581;7.2943991393402792e-05
582;7.2339607354816071e-05
583;7.1740608245625078e-05
584;7.1146994062273915e-05
585;7.055869003039438e-05
586;6.9975770924521845e-05
587;6.9396466700298508e-05
588;6.8822323067571799e-05
589;6.8251943864141177e-05
590;6.7686800035950237e-05
591;6.7128736417105246e-05
592;6.6572667163646511e-05
593;6.60217585124374e-05
594;6.5474614308261056e-05
595;6.4934325943400022e-05
596;6.439772724818256e-05
597;6.3864668655974675e-05
598;6.3336994987470756e-05
599;6.2811166142349978e-05
600;6.2292417501631986e-05
601;6.1777208960401637e-05
602;6.1265540520768407e-05
603;6.0759331784989143e-05
604;6.0256513596517516e-05
605;5.9755689786250565e-05
606;5.9265411497204017e-05
607;5.8773363161158766e-05
608;5.8286774534904377e-05
609;5.780527173021627e-05
610;5.7325838061571906e-05
611;5.6851639780084713e-05
612;5.6382751651173029e-05
613;5.5915783124824987e-05
614;5.5452205141425335e-05
615;5.499408686349749e-05
616;5.4539433914975959e-05
617;5.4090315440845183e-05
618;5.3641047411117428e-05
619;5.319708953677769e-05
620;5.2756896098042687e-05
621;5.2320018414183034e-05
622;5.1886905170022403e-05
623;5.1457257246221556e-05
624;5.1031074659662526e-05
625;5.0612271357394436e-05
626;5.0189778413043953e-05
627;4.9776135717916966e-05
628;4.9364337850425801e-05
629;4.8956080085435228e-05
630;4.8549667142416559e-05
631;4.81504091843643e-05
632;4.7751001663735966e-05
633;4.7355283799996487e-05
634;4.6964876087438434e-05
635;4.6576313209924857e-05
636;4.618944559293454e-05
637;4.5807813361960944e-05
638;4.543002032243648e-05
639;4.5052002959204864e-05
640;4.4681215350136481e-05
641;4.4310502523099983e-05
642;4.3945025061698892e-05
643;4.3581317652723009e-05
644;4.3219455072301206e-05
645;4.2861132591739463e-05
646;4.2508120262702676e-05
647;4.2157027542495387e-05
648;4.1807555304905989e-05
649;4.1461772734895414e-05
650;4.1119380704432487e-05
651;4.0777138224007787e-05
652;4.0440205898712724e-05
653;4.0106963240417765e-05
654;3.9773496223469305e-05
655;3.9445414159388804e-05
656;3.9117631220826474e-05
657;3.8794784479775988e-05
658;3.8475702207281682e-05
659;3.8154849886577158e-05
660;3.7841077764965175e-05
661;3.7527305644741906e-05
662;3.7217073630936675e-05
663;3.6908836003757675e-05
664;3.6603839341543583e-05
665;3.6300911857264109e-05
666;3.5999530078016093e-05
667;3.5701837960094314e-05
668;3.5407760725215827e-05
669;3.5113608707437503e-05
670;3.4822996788099225e-05
671;3.4535924977640706e-05
672;3.4249002712934183e-05
673;3.3967315821720245e-05
674;3.3685554169492657e-05
675;3.3405712097511175e-05
676;3.3129484913712802e-05
677;3.2856723050352873e-05
678;3.2583961187471395e-05
679;3.231481421051552e-05
680;3.2047362490952992e-05
681;3.1781680834061193e-05
682;3.1519688822707099e-05
683;3.1259392088240727e-05
684;3.0999170134965936e-05
685;3.0742413497250781e-05
686;3.0489271740461359e-05
687;3.023612998367268e-05
688;2.9986603107630739e-05
689;2.9738771497209575e-05
690;2.9492709946275953e-05
691;2.9248567991488554e-05
692;2.9006196115332968e-05
693;2.8767214729622925e-05
694;2.8528308150840313e-05
695;2.8293016447996643e-05
696;2.8059494796419877e-05
697;2.7825973145378616e-05
698;2.759599159198474e-05
699;2.7367705334177662e-05
700;2.7141488213951444e-05
701;2.6916816794129665e-05
702;2.669391544009117e-05
703;2.6472933696048595e-05
704;2.6253647218272446e-05
705;2.6036056029287126e-05
706;2.5822154474765103e-05
707;2.5606557654671201e-05
708;2.5394351372511051e-05
709;2.5184064711265346e-05
710;2.4977243356899524e-05
711;2.4770422007422719e-05
712;2.4565370715705461e-05
713;2.4364009071500864e-05
714;2.4160727821028139e-05
715;2.3961136235334706e-05
716;2.3763165135208214e-05
717;2.3565343588289055e-05
718;2.3371062151522637e-05
719;2.3176705925045937e-05
720;2.2985964582676493e-05
721;2.2795223240537798e-05
722;2.2608021997246334e-05
723;2.2420820756245766e-05
724;2.2235389571452479e-05
725;2.2050107936703067e-05
726;2.1868291629694428e-05
727;2.168640051806741e-05
728;2.1506354253698767e-05
729;2.1329773322958158e-05
730;2.1153416711013805e-05
731;2.0976835758794914e-05
732;2.0805714518281254e-05
733;2.0632748464884774e-05
734;2.0461776806927674e-05
735;2.0292350807930751e-05
736;2.0122999621106344e-05
737;1.995888381811428e-05
738;1.9793147491251612e-05
739;1.9630951280207879e-05
740;1.9466910243700265e-05
741;1.9304714031490256e-05
742;1.9144287872528802e-05
743;1.8987401810864098e-05
744;1.8830515749876974e-05
745;1.8673629689584504e-05
746;1.8520283735748803e-05
747;1.8365242496084869e-05
748;1.82154366450047e-05
749;1.8064010289737949e-05
750;1.7914279213378267e-05
751;1.7766243385990905e-05
752;1.7620127193075863e-05
753;1.7473936205588483e-05
754;1.7327670442531955e-05
755;1.7185169130689047e-05
756;1.7042368720699752e-05
757;1.6901637392140322e-05
758;1.6762526629810327e-05
759;1.6625410233957197e-05
760;1.6486224660792751e-05
761;1.6350878324065823e-05
762;1.6213612369151036e-05
763;1.6079811708424291e-05
764;1.5947930680530704e-05
765;1.5815900132592358e-05
766;1.5684168662945116e-05
767;1.555575292120605e-05
768;1.5425567161541004e-05
769;1.5298996283172262e-05
770;1.5172350664588831e-05
771;1.5045929318286512e-05
772;1.4921053700807019e-05
773;1.4798097697604157e-05
774;1.4676986604499034e-05
775;1.4555576254101273e-05
776;1.4434465080085574e-05
777;1.4314899633573565e-05
778;1.4195633315971281e-05
779;1.4077912642772847e-05
780;1.3961962062825305e-05
781;1.3846011541254029e-05
782;1.3732055284569271e-05
783;1.3617949531146185e-05
784;1.3505613830996493e-05
785;1.339519777949001e-05
786;1.3282712513004329e-05
787;1.3174066432544178e-05
788;1.3065420454082071e-05
789;1.2954705209623589e-05
790;1.2847903999483131e-05
791;1.2742648459518071e-05
792;1.2637467735684932e-05
793;1.2532212262969244e-05
794;1.2428951138100303e-05
795;1.2325465668458866e-05
796;1.2223899820701169e-05
797;1.2124104039702098e-05
798;1.2022388633613136e-05
799;1.1922592825430414e-05
800;1.1824641898039768e-05
801;1.1726466565607481e-05
802;1.1630136151643376e-05
803;1.1534029954869462e-05
804;1.1437774265025664e-05
805;1.1343213821420843e-05
806;1.1250498230311126e-05
807;1.1157857408005248e-05
808;1.1063371760774966e-05
809;1.0972501018195101e-05
810;1.0883250730215418e-05
811;1.0790609897040992e-05
812;1.0701434406119335e-05
813;1.0614103731680584e-05
814;1.052677306299229e-05
815;1.0439442400198766e-05
816;1.0352111743449202e-05
817;1.0266551131187874e-05
818;1.0182611040274458e-05
819;1.0098895193406616e-05
820;1.0013259848346701e-05
821;9.9313888434219628e-06
822;9.8494431621597468e-06
823;9.767422621079608e-06
824;9.6870226093017622e-06
825;9.6052264523198902e-06
826;9.5265964301105272e-06
827;9.4482655269165027e-06
828;9.3698599073933733e-06
829;9.2913047060935152e-06
830;9.2164391589747269e-06
831;9.1381083038189512e-06
832;9.0631679586907189e-06
833;8.98822768413449e-06
834;8.915132199554594e-06
835;8.8404162060125579e-06
836;8.7673956144653333e-06
837;8.6942252115165603e-06
838;8.6227502670859171e-06
839;8.5515743013390472e-06
840;8.4801741093657477e-06
841;8.4089982268425195e-06
842;8.3393680318229576e-06
843;8.2716574559603646e-06
844;8.2040217541697425e-06
845;8.1360122369238525e-06
846;8.0668307582925927e-06
847;8.0024357098485928e-06
848;7.9364204878640408e-06
849;7.8705546658807024e-06
850;7.8046889998720725e-06
851;7.7385988756687547e-06
852;7.6762732295656739e-06
853;7.6121027688368713e-06
854;7.5513976517300555e-06
855;7.4873019342561909e-06
856;7.424901518046705e-06
857;7.3625011025822193e-06
858;7.303715589605824e-06
859;7.2430852105561928e-06
860;7.1824548383224241e-06
861;7.123594526312942e-06
862;7.064734234228608e-06
863;7.0059486722256484e-06
864;6.9488584348728211e-06
865;6.8900728714081799e-06
866;6.8331322558491781e-06
867;6.7759671249695035e-06
868;6.7207965106501803e-06
869;6.663631444157716e-06
870;6.6101560523746377e-06
871;6.554985397219364e-06
872;6.4996651587791329e-06
873;6.448034636068961e-06
874;6.3944844355979289e-06
875;6.3410090478340499e-06
876;6.2875336606562405e-06
877;6.2358283245089553e-06
878;6.1858930458028437e-06
879;6.1324176560407851e-06
880;6.0825571524712726e-06
881;6.0326218554993291e-06
882;5.9827613963442603e-06
883;5.9327512895885015e-06
884;5.8828907790575624e-06
885;5.8347255343460738e-06
886;5.7865603154053594e-06
887;5.7403147169077249e-06
888;5.6920746726848343e-06
889;5.6439841912757774e-06
890;5.5977386946255022e-06
891;5.5511939217559004e-06
892;5.5066435279036918e-06
893;5.4585530118062954e-06
894;5.4158474950668901e-06
895;5.3694522797699803e-06
896;5.3249019247168654e-06
897;5.2820468696086364e-06
898;5.2375712720309561e-06
899;5.1947909673781263e-06
900;5.1502406318363323e-06
901;5.1073854970272607e-06
902;5.0663752409857095e-06
903;5.0254397854361118e-06
904;4.9825846746789406e-06
905;4.9415744218498016e-06
906;4.8987941089956845e-06
907;4.859703590504109e-06
908;4.8203137498239429e-06
909;4.779378197358798e-06
910;4.7402128024609752e-06
911;4.7008978092389566e-06
912;4.6635772475417808e-06
913;4.6243370005537032e-06
914;4.5867175249259291e-06
915;4.5477014458168436e-06
916;4.5101564599140834e-06
917;4.4727610535881948e-06
918;4.4353657000134649e-06
919;4.3996655622217013e-06
920;4.3622702020660455e-06
921;4.3265700717919679e-06
922;4.2908700114154286e-06
923;4.2553194434527968e-06
924;4.2196192967710464e-06
925;4.1839192214935754e-06
926;4.1501387172151405e-06
927;4.1144385730985201e-06
928;4.0805085755788221e-06
929;4.0484980643661055e-06
930;4.0164877638719969e-06
931;3.9806381167183249e-06
932;3.9486274940605025e-06
933;3.9148470636740412e-06
934;3.8843823925573054e-06
935;3.8506766170397102e-06
936;3.820286558590743e-06
937;3.78827618764408e-06
938;3.756116092850985e-06
939;3.725800913752946e-06
940;3.6937156803104143e-06
941;3.6634005036059879e-06
942;3.6349301626558649e-06
943;3.6028449349431519e-06
944;3.5742250722779699e-06
945;3.5439845956734899e-06
946;3.5136694136639906e-06
947;3.4851242958735222e-06
948;3.4566539394884591e-06
949;3.4281087944588473e-06
950;3.3995636694348411e-06
951;3.3710933311293973e-06
952;3.3443182253184529e-06
953;3.3158479268704412e-06
954;3.2889980825767742e-06
955;3.2624476329272265e-06
956;3.2355974121424505e-06
957;3.208747709389404e-06
958;3.1821220311218499e-06
959;3.1553469339607162e-06
960;3.1284973803233786e-06
961;3.1037164538839067e-06
962;3.0787113446009253e-06
963;3.0520110992749447e-06
964;3.0269313398408666e-06
965;3.0020010143431418e-06
966;2.9753755677345388e-06
967;2.952140466253257e-06
968;2.9271354603184863e-06
969;2.9022800612637742e-06
970;2.8808150219728764e-06
971;2.8558100585301385e-06
972;2.8326498209878963e-06
973;2.8077944079166105e-06
974;2.7863293769254493e-06
975;2.7631691709252825e-06
976;2.738164182688901e-06
977;2.7168487923536557e-06
978;2.6954586417726576e-06
979;2.6704535765896728e-06
980;2.6508334805559522e-06
981;2.6276732653494944e-06
982;2.6062831100560637e-06
983;2.5831229079716002e-06
984;2.5635028001497763e-06
985;2.5421126455483732e-06
986;2.5207224911894222e-06
987;2.4993323370791495e-06
988;2.4797122317137072e-06
989;2.4583220766093897e-06
990;2.4387019763662808e-06
991;2.4173867137005694e-06
992;2.3977665736194525e-06
993;2.3780716371742767e-06
994;2.3584515558845147e-06
995;2.3389061898673792e-06
996;2.3210561207583534e-06
997;2.3013614667549718e-06
998;2.2818907729386113e-06
999;2.262195840060262e-06
1000;2.244420540015502e-06
1001;2.2248004264793575e-06
1002;2.2087204440435864e-06
1003;2.1891751349306634e-06
1004;2.1714000652012976e-06
1005;2.1534004386153983e-06
1006;2.1338548918265008e-06
1007;2.1178496620640491e-06
1008;2.0999995967405597e-06
1009;2.0822243926112288e-06
1010;2.066069674146003e-06
1011;2.0465242091816228e-06
1012;2.0322890565959073e-06
1013;2.0144389775295269e-06
1014;1.9965889357682884e-06
1015;1.9806587858509643e-06
1016;1.9645036998827705e-06
1017;1.9484237837423014e-06
1018;1.9324933723531075e-06
1019;1.9164132547570907e-06
1020;1.9003332298790315e-06
1021;1.8860233991571452e-06
1022;1.8700929347990831e-06
1023;1.8539381558106456e-06
1024;1.8397777181254274e-06
1025;1.8236976380838244e-06
1026;1.8076176561839787e-06
1027;1.7933824523692358e-06
1028;1.7790725894026784e-06
1029;1.7631422177724865e-06
1030;1.7487574493285893e-06
1031;1.7345221781985829e-06
1032;1.718591963794747e-06
1033;1.7059771241922522e-06
1034;1.6917418596184971e-06
1035;1.6775066513754629e-06
1036;1.6650415307066248e-06
1037;1.6508064110349103e-06
1038;1.6346517843717623e-06
1039;1.6224119641581596e-06
1040;1.6079513033919808e-06
1041;1.5973310453058479e-06
1042;1.5829465043213561e-06
1043;1.5705558815864509e-06
1044;1.556245991686937e-06
1045;1.5456256840644273e-06
1046;1.5313906273309994e-06
1047;1.5187760081147835e-06
1048;1.5063854248009024e-06
1049;1.4938456057306575e-06
1050;1.4813804292023165e-06
1051;1.468915269674579e-06
1052;1.4565251417706617e-06
1053;1.4457550498274488e-06
1054;1.4314452262438385e-06
1055;1.4209000521785838e-06
1056;1.4083597374988686e-06
1057;1.3992858490221966e-06
1058;1.3851247105539639e-06
1059;1.3745045301622077e-06
1060;1.3620394887938343e-06
1061;1.3529651341046494e-06
1062;1.3407249619919048e-06
1063;1.3297309454918255e-06
1064;1.3174141252183744e-06
1065;1.3067942069297854e-06
1066;1.2977195527863175e-06
1067;1.2871740166364484e-06
1068;1.274633820985379e-06
1069;1.2655604404894873e-06
1070;1.2550137070514019e-06
1071;1.2443937532581983e-06
1072;1.2336235531970797e-06
1073;1.2229284764671246e-06
1074;1.2123085591702456e-06
1075;1.2033083711541051e-06
1076;1.1943833581868158e-06
1077;1.1836882790111528e-06
1078;1.1748381515409842e-06
1079;1.162223800060566e-06
1080;1.1534480116796872e-06
1081;1.1445229228691678e-06
1082;1.1355978496813898e-06
1083;1.1249027762605479e-06
1084;1.1158292628930408e-06
1085;1.1070526748449715e-06
1086;1.0981276492999559e-06
1087;1.0892775989356082e-06
1088;1.0802776506143654e-06
1089;1.0714274124572592e-06
1090;1.0641241145692232e-06
1091;1.0536525392368017e-06
1092;1.0447273934808581e-06
1093;1.0374973277912914e-06
1094;1.0268022472801907e-06
1095;1.0197220493411673e-06
1096;1.0107969906647466e-06
1097;1.0000273730087495e-06
1098;9.9471700625427786e-07
1099;9.8579202483494751e-07
1100;9.7694175829228374e-07
1101;9.680166914241875e-07
1102;9.6086169313746142e-07
1103;9.5378163514699289e-07
1104;9.4470791885977122e-07
1105;9.3777678185376537e-07
1106;9.3062154865617859e-07
1107;9.2331775103975203e-07
1108;9.1454132244314219e-07
1109;9.073863036200592e-07
1110;9.0030629491910618e-07
1111;8.913064050977369e-07
1112;8.8422611383211766e-07
1113;8.7884121397913182e-07
1114;8.6999105077459148e-07
1115;8.6283596446863478e-07
1116;8.556809724721237e-07
1117;8.4852607717078339e-07
1118;8.4314146308092995e-07
1119;8.3613590048908331e-07
1120;8.2898074635973135e-07
1121;8.2182568924393143e-07
1122;8.1459665194902972e-07
1123;8.0759060563199322e-07
1124;8.0043553769332426e-07
1125;7.9512557742807367e-07
1126;7.8797045004381921e-07
1127;7.8258549205654488e-07
1128;7.7543062805495788e-07
1129;7.6827587323285577e-07
1130;7.6127046423468321e-07
1131;7.5596089326893959e-07
1132;7.5042614642927537e-07
1133;7.4511552772098837e-07
1134;7.3626508908555058e-07
1135;7.2918528700234145e-07
1136;7.2372536056005706e-07
1137;7.1841501644237569e-07
1138;7.1310495171972364e-07
1139;7.0771993772074195e-07
1140;7.0240988214509981e-07
1141;6.9518048883798683e-07
1142;6.8994486284001385e-07
1143;6.8463521138210579e-07
1144;6.7910112677271507e-07
1145;6.7209465156361261e-07
1146;6.6670969758028801e-07
1147;6.6139957994764647e-07
1148;6.5601461739375187e-07
1149;6.507045087533562e-07
1150;6.4354946938487731e-07
1151;6.4177943617328514e-07
1152;6.3455049251216791e-07
1153;6.2931436771579893e-07
1154;6.2577448717196113e-07
1155;6.1854469444995694e-07
1156;6.1507942721797965e-07
1157;6.0961981328869608e-07
1158;6.043843681307276e-07
1159;5.9899914198969295e-07
1160;5.936142311931075e-07
1161;5.8815655119525547e-07
1162;5.8307069898818727e-07
1163;5.7930479961372825e-07
1164;5.741453510971891e-07
1165;5.6868393392499313e-07
1166;5.6499597689429125e-07
1167;5.5983429480901569e-07
1168;5.5444889100645846e-07
1169;5.4913924821880103e-07
1170;5.472195473840279e-07
1171;5.4183542698006796e-07
1172;5.3659870919542411e-07
1173;5.330587607057354e-07
1174;5.2774915964107082e-07
1175;5.2405913773940533e-07
1176;5.1882393306702266e-07
1177;5.1697859099752278e-07
1178;5.1152060500847e-07
1179;5.0628351366764136e-07
1180;5.026689688520827e-07
1181;4.9920368127943366e-07
1182;4.955884366447989e-07
1183;4.9204843969277688e-07
1184;4.8666342301051837e-07
1185;4.830490433635261e-07
1186;4.7773844932080603e-07
1187;4.7596834308835641e-07
1188;4.724282713911761e-07
1189;4.6704336696336065e-07
1190;4.6357893837493748e-07
1191;4.5988863107743737e-07
1192;4.545781838823095e-07
1193;4.5103812981046355e-07
1194;4.4749827639117167e-07
1195;4.421888830269323e-07
1196;4.4034306001494406e-07
1197;4.367282662311216e-07
1198;4.3311426646779449e-07
1199;4.2964799094868675e-07
1200;4.2603318241290925e-07
1201;4.2072290804888607e-07
1202;4.1718299144797416e-07
1203;4.1541311508247741e-07
1204;4.1179786848748352e-07
1205;4.0818345638930469e-07
1206;4.046430148756718e-07
1207;4.0117850234539734e-07
1208;3.9748837266288721e-07
1209;3.9402301586929769e-07
1210;3.9217779364726324e-07
1211;3.8863768888019725e-07
1212;3.8502303997180805e-07
1213;3.8148271231495172e-07
1214;3.7971263525073105e-07
1215;3.7617265873338677e-07
1216;3.7255776386049419e-07
1217;3.6909343999105011e-07
1218;3.6717343136761799e-07
1219;3.6370770728100637e-07
1220;3.6009255020478846e-07
1221;3.5824872261198929e-07
1222;3.5301265546659038e-07
1223;3.512428429012105e-07
1224;3.476274057232852e-07
1225;3.476274057232852e-07
1226;3.4217008777826689e-07
1227;3.4054780612897299e-07
1228;3.369323302215822e-07
1229;3.3508818938667939e-07
1230;3.3162255815165946e-07
1231;3.2970446272298982e-07
1232;3.2631341527239136e-07
1233;3.244672708118348e-07
1234;3.2085253330984004e-07
1235;3.1908234653682212e-07
1236;3.1554218103666456e-07
1237;3.1200230079964608e-07
1238;3.1015744886617867e-07
1239;3.0669303691954358e-07
1240;3.0661714906626551e-07
1241;3.0307713979256141e-07
1242;3.0123262141700807e-07
1243;2.9776769328475855e-07
1244;2.9407827559762774e-07
1245;2.923078706213766e-07
1246;2.9053753830301229e-07
1247;2.8884239532342581e-07
1248;2.8707267554859455e-07
1249;2.8345696283470562e-07
1250;2.7991714740450784e-07
1251;2.7807219553519472e-07
1252;2.7630201404200553e-07
1253;2.7445862890178763e-07
1254;2.7106908532108771e-07
1255;2.6914737239204152e-07
1256;2.6745233489693158e-07
1257;2.656069311840522e-07
1258;2.6391306720921104e-07
1259;2.619930630476514e-07
1260;2.5845228962130394e-07
1261;2.5668202664787203e-07
1262;2.5483911399610496e-07
1263;2.514486283370002e-07
1264;2.4960184063971683e-07
1265;2.4772098625746019e-07
1266;2.4606229332736672e-07
1267;2.442543136881741e-07
1268;2.4067668646853533e-07
1269;2.4056726906221085e-07
1270;2.3706212453267364e-07
1271;2.3709914180166497e-07
1272;2.3359767849200266e-07
1273;2.3355926188284476e-07
1274;2.3175160381552347e-07
1275;2.3001977768965772e-07
1276;2.2640406602947129e-07
1277;2.2467227600058287e-07
1278;2.2278986819811253e-07
1279;2.2105652845802941e-07
1280;2.1924923109505737e-07
1281;2.1751669019282317e-07
1282;2.1393902621108986e-07
1283;2.1209479360547555e-07
1284;2.1036145402444303e-07
1285;2.1032441925843929e-07
1286;2.0682164713758598e-07
1287;2.0505191110613897e-07
1288;2.050139171993009e-07
1289;2.0313477356253083e-07
1290;2.0320660442956537e-07
1291;1.99704404407063e-07
1292;1.9789643665234884e-07
1293;1.9782267763379389e-07
1294;1.9431884444009862e-07
1295;1.9435689966272909e-07
1296;1.9074135615747586e-07
1297;1.9077909125560204e-07
1298;1.8893425622813106e-07
1299;1.8720138047978764e-07
1300;1.8712762148292134e-07
1301;1.8355072529250672e-07
1302;1.8366189672125913e-07
1303;1.8004627510239423e-07
1304;1.8004627510239423e-07
1305;1.7831439891681322e-07
1306;1.7646889332041202e-07
1307;1.7473654837090968e-07
1308;1.7466204203176763e-07
1309;1.7112135109858136e-07
1310;1.693890376025702e-07
1311;1.6761941181014164e-07
1312;1.675440946933397e-07
1313;1.6584992993207003e-07
1314;1.6577380887675068e-07
1315;1.6400365434843797e-07
1316;1.6219655461265356e-07
1317;1.605024664012904e-07
1318;1.5858400189945342e-07
1319;1.5865611436278546e-07
1320;1.5688610232841142e-07
1321;1.5511623535318947e-07
1322;1.5511623535318947e-07
1323;1.5334651845977179e-07
1324;1.5150147490473664e-07
1325;1.5139795136436956e-07
1326;1.4980755619337949e-07
1327;1.4792437596368871e-07
1328;1.4799901725887546e-07
1329;1.461539353106883e-07
1330;1.4446011076398546e-07
1331;1.4265151913345057e-07
1332;1.4265151913345057e-07
1333;1.4080639591623557e-07
1334;1.3907368151248124e-07
1335;1.4077067576160213e-07
1336;1.3730402444283285e-07
1337;1.3719410045105195e-07
1338;1.354959772362582e-07
1339;1.3376524312185616e-07
1340;1.3376524312185616e-07
1341;1.3181297901759438e-07
1342;1.3195653360460552e-07
1343;1.3014844821253869e-07
1344;1.2834101332393602e-07
1345;1.2657087841691034e-07
1346;1.2653425681447675e-07
1347;1.2480092031985842e-07
1348;1.2480092031985842e-07
1349;1.2307041316039256e-07
1350;1.2303114666368336e-07
1351;1.2122333998732795e-07
1352;1.1934685795893659e-07
1353;1.1945339371011592e-07
1354;1.1941624087066309e-07
1355;1.1772301551915298e-07
1356;1.1764592888027469e-07
1357;1.1587580190776173e-07
1358;1.1406870292039649e-07
1359;1.1406870292039649e-07
1360;1.12262379369987e-07
1361;1.1060674542447107e-07
1362;1.1233613800029144e-07
1363;1.1052826422901471e-07
1364;1.1049168009040488e-07
1365;1.0698863935008794e-07
1366;1.0868578752535095e-07
1367;1.0695084443661334e-07
1368;1.0521915775702627e-07
1369;1.0514415790234644e-07
1370;1.0341082356879299e-07
1371;1.0344991181946241e-07
1372;1.0153340102968325e-07
1373;1.0164114528464528e-07
1374;9.9796637861279033e-08
1375;9.9833190331615496e-08
1376;9.8063304298144242e-08
1377;9.8102512932627471e-08
1378;9.6255759992952012e-08
1379;9.6333585467478474e-08
1380;9.621989814430327e-08
1381;9.621989814430327e-08
1382;9.4449120331877646e-08
1383;9.2715787674987496e-08
1384;9.2796582056628361e-08
1385;9.2715787674987496e-08
1386;9.0872415813895633e-08
1387;8.9138118964965455e-08
1388;8.9138118964965455e-08
1389;8.9217732256016866e-08
1390;8.5524940973002285e-08
1391;8.5598699189409767e-08
1392;8.5524940973002285e-08
1393;8.5598699189409767e-08
1394;8.5524940973002285e-08
1395;8.2060428357356622e-08
1396;8.1948599049321593e-08
1397;8.1948599049321593e-08
1398;8.2020764442455582e-08
1399;8.2102475206984735e-08
1400;8.1948599049321593e-08
1401;8.1948599049321593e-08
1402;8.0291771263887376e-08
1403;7.8372624195423626e-08
1404;7.8443051164205711e-08
1405;7.8443051164205711e-08
1406;7.8406587952718247e-08
1407;7.6635953960073015e-08
1408;7.4944577156546831e-08
1409;7.4830020182310814e-08
1410;7.4903778096689746e-08
1411;7.4865591105629338e-08
1412;7.4865591105629338e-08
1413;7.1325759566725286e-08
1414;7.128842238863238e-08
1415;7.1325759566725286e-08
1416;7.1408661178799724e-08
1417;6.9449930091739982e-08
1418;6.7747988618129098e-08
1419;6.948257867949771e-08
1420;6.7747988618129098e-08
1421;6.7787275892400285e-08
1422;6.6018607235733843e-08
1423;6.5978266802302761e-08
1424;6.5940892544597967e-08
1425;6.4135153972284646e-08
1426;6.5940892544597967e-08
1427;6.4170506661968008e-08
1428;6.4135153972284646e-08
1429;6.425036277735366e-08
1430;6.2439953626092195e-08
1431;6.2400460159929208e-08
1432;6.2364104082123175e-08
1433;6.0559180545747825e-08
1434;6.0593364885314736e-08
1435;6.0630782761975896e-08
1436;6.0593364885314736e-08
1437;5.9746092726847655e-08
1438;5.8019537207774781e-08
1439;5.8787750643933058e-08
1440;5.8903374066247805e-08
1441;5.7092672562888666e-08
1442;5.6954332954295934e-08
1443;5.7052934281842147e-08
1444;5.7016627315334859e-08
1445;5.5283309977356678e-08
1446;5.5245840045202442e-08
1447;5.3514131789449574e-08
1448;5.3440375112141264e-08
1449;5.3475422218306671e-08
1450;5.3514131789449574e-08
1451;5.2554726185235394e-08
1452;5.2590363506110759e-08
1453;5.1669164097111233e-08
1454;5.1745445476354909e-08
1455;5.1705411784396496e-08
1456;5.1705411784396496e-08
1457;4.9898318930639516e-08
1458;4.9977303260140274e-08
1459;4.9935852064459833e-08
1460;4.9864712706047236e-08
1461;4.9013045932937951e-08
1462;4.9013045932937951e-08
1463;4.639829102831418e-08
1464;4.8093036648853917e-08
1465;4.8127879996476006e-08
1466;4.6357893837493748e-08
1467;4.5514269598779419e-08
1468;4.5436207906947817e-08
1469;4.5436207906947817e-08
1470;4.4630413236749831e-08
1471;4.4588414373952058e-08
1472;4.4517589884690371e-08
1473;4.4588414373952058e-08
1474;4.4550802883181186e-08
1475;4.2780337774645341e-08
1476;4.286323655838108e-08
1477;4.2715749715721949e-08
1478;4.2715749715721949e-08
1479;4.2911520224901687e-08
1480;4.1859972356920781e-08
1481;4.0974299524660796e-08
1482;4.0974299524660796e-08
1483;4.1051237603492368e-08
1484;4.1051237603492368e-08
1485;4.0916501024712409e-08
1486;3.9283700765566926e-08
1487;3.83565586078468e-08
1488;3.8317976980036507e-08
1489;3.8317976980036507e-08
1490;3.8317976980036507e-08
1491;3.7432795552814669e-08
1492;3.7432795552814669e-08
1493;3.5662879783362643e-08
1494;3.7432795552814669e-08
1495;3.7432795552814669e-08
1496;3.5662879783362643e-08
1497;3.5662879783362643e-08
1498;3.5662879783362643e-08
1499;3.5662879783362643e-08
1500;3.5626916741427505e-08
1501;3.4741289339748855e-08
1502;3.4741289339748855e-08
1503;3.4741289339748855e-08
1504;3.4820672183699939e-08
1505;3.2085253330984004e-08
1506;3.3893637946200143e-08
1507;3.3893637946200143e-08
1508;3.3823742072644354e-08
1509;3.3893637946200143e-08
1510;3.385579559375514e-08
1511;3.2085253330984004e-08
1512;3.1200230079964604e-08
1513;3.1165445441279517e-08
1514;3.1165445441279517e-08
1515;3.04614123074787e-08
1516;3.025026694190273e-08
1517;3.0406331263719166e-08
1518;3.0279590272873913e-08
1519;3.0357647348311538e-08
1520;3.0279590272873913e-08
1521;2.8546336281444333e-08
1522;3.025026694190273e-08
1523;3.0279590272873913e-08
1524;2.8508313657667429e-08
1525;2.8546336281444333e-08
1526;2.8546336281444333e-08
1527;2.7708462173248619e-08
1528;2.7622920022601221e-08
1529;2.7590773340707147e-08
1530;2.7590773340707147e-08
1531;2.6826076134758653e-08
1532;2.7708462173248619e-08
1533;2.7662159678238813e-08
1534;2.6704498840453727e-08
1535;2.6678638491041061e-08
1536;2.5062531711346131e-08
1537;2.4932356353023618e-08
1538;2.4967926032229917e-08
1539;2.4884851026246751e-08
1540;2.5011331388797802e-08
1541;2.4967926032229917e-08
1542;2.4884851026246751e-08
1543;2.5011331388797802e-08
1544;2.4967926032229917e-08
1545;2.5011331388797802e-08
1546;2.4932356353023618e-08
1547;2.319914551415709e-08
1548;2.3160859559832572e-08
1549;2.3160859559832572e-08
1550;2.319914551415709e-08
1551;2.3160859559832572e-08
1552;2.319914551415709e-08
1553;2.3131037784028435e-08
1554;2.3245853825497417e-08
1555;2.319914551415709e-08
1556;2.3109712954397004e-08
1557;2.3245853825497417e-08
1558;2.319914551415709e-08
1559;2.0447402763361809e-08
1560;2.0548425718763624e-08
1561;2.0447402763361809e-08
1562;2.0548425718763624e-08
1563;2.0505191110613896e-08
1564;1.9560100690747748e-08
1565;1.9665682260847217e-08
1566;1.9560100690747748e-08
1567;1.9665682260847217e-08
1568;1.9620502586525494e-08
1569;1.9665682260847217e-08
1570;1.9620502586525494e-08
1571;1.9585290785784031e-08
1572;1.9620502586525494e-08
1573;1.9585290785784031e-08
1574;1.9620502586525494e-08
1575;1.9585290785784031e-08
1576;1.7852165294699931e-08
1577;1.7813458370713752e-08
1578;1.9620502586525494e-08
1579;1.9585290785784031e-08
1580;1.9620502586525494e-08
1581;1.9585290785784031e-08
1582;1.7852165294699931e-08
1583;1.692789779687757e-08
1584;1.6898746926621695e-08
1585;1.7020845086023681e-08
1586;1.6898746926621695e-08
1587;1.7020845086023681e-08
1588;1.6011864169946882e-08
1589;1.614067266099028e-08
1590;1.6011864169946882e-08
1591;1.614067266099028e-08
1592;1.5993378270956795e-08
1593;1.6085595323533779e-08
1594;1.5993378270956795e-08
1595;1.6085595323533779e-08
1596;1.6042626665492002e-08
1597;1.6085595323533779e-08
1598;1.6042626665492002e-08
1599;1.6042626665492002e-08
1600;1.6011864169946882e-08
1601;1.5993378270956795e-08
1602;1.6085595323533779e-08
1603;1.6042626665492002e-08
1604;1.4321446692197791e-08
1605;1.4273168140722167e-08
1606;1.4273168140722167e-08
1607;1.4238583238573983e-08
1608;1.4273168140722167e-08
1609;1.4321446692197791e-08
1610;1.4210854715202002e-08
1611;1.3389123971024948e-08
1612;1.3440578383968885e-08
1613;1.3389123971024948e-08
1614;1.3389123971024948e-08
1615;1.4210854715202002e-08
1616;1.3389123971024948e-08
1617;1.3440578383968885e-08
1618;1.3322676295501877e-08
1619;1.3389123971024948e-08
1620;1.3440578383968885e-08
1621;1.3389123971024948e-08
1622;1.3389123971024948e-08
1623;1.2434497875801752e-08
1624;1.2505665694398901e-08
1625;1.2505665694398901e-08
1626;1.2434497875801752e-08
1627;1.2505665694398901e-08
1628;1.2505665694398901e-08
1629;1.2466178176511809e-08
1630;1.2505665694398901e-08
1631;1.0805156823142815e-08
1632;1.0695084443661335e-08
1633;1.0741085019148343e-08
1634;1.0667388882858398e-08
1635;1.0805156823142815e-08
1636;1.0695084443661335e-08
1637;1.0741085019148343e-08
1638;1.0658141036401501e-08
1639;1.0695084443661335e-08
1640;1.0741085019148343e-08
1641;1.0667388882858398e-08
1642;1.0805156823142815e-08
1643;1.0741085019148343e-08
1644;1.0667388882858398e-08
1645;1.0695084443661335e-08
1646;1.0695084443661335e-08
1647;1.0741085019148343e-08
1648;1.0667388882858398e-08
1649;1.0695084443661335e-08
1650;1.0741085019148343e-08
1651;1.0667388882858398e-08
1652;1.0805156823142815e-08
1653;9.8102512932627468e-09
1654;9.860380650283723e-09
1655;9.8102512932627468e-09
1656;9.8102512932627468e-09
1657;9.7800503453738742e-09
1658;9.7800503453738742e-09
1659;9.8102512932627468e-09
1660;9.8102512932627468e-09
1661;8.9811484543374767e-09
1662;8.8928794970136863e-09
1663;8.9260826473499655e-09
1664;8.9260826473499655e-09
1665;8.8928794970136863e-09
1666;8.8928794970136863e-09
1667;8.9260826473499655e-09
1668;7.1607233460988954e-09
1669;8.0059320849734408e-09
1670;7.1192916192869917e-09
1671;7.1192916192869917e-09
1672;7.1607233460988954e-09
1673;7.1607233460988954e-09
1674;7.1192916192869917e-09
1675;7.2292485758128431e-09
1676;7.1192916192869917e-09
1677;7.1607233460988954e-09
1678;7.105427357601001e-09
1679;7.1192916192869917e-09
1680;7.1192916192869917e-09
1681;7.1192916192869917e-09
1682;7.1607233460988954e-09
1683;8.9260826473499655e-09
1684;8.8928794970136863e-09
1685;8.8928794970136863e-09
1686;7.1607233460988954e-09
1687;7.1607233460988954e-09
1688;7.105427357601001e-09
1689;7.2292485758128431e-09
1690;7.1192916192869917e-09
1691;7.1607233460988954e-09
1692;7.105427357601001e-09
1693;7.105427357601001e-09
1694;7.2292485758128431e-09
1695;7.1192916192869917e-09
1696;7.1607233460988954e-09
1697;7.1607233460988954e-09
1698;7.105427357601001e-09
1699;7.2292485758128431e-09
1700;7.1192916192869917e-09
1701;7.1607233460988954e-09
1702;7.105427357601001e-09
1703;6.2172489379008758e-09
1704;6.3583898427649779e-09
1705;7.1192916192869917e-09
1706;7.1192916192869917e-09
1707;7.1607233460988954e-09
1708;7.105427357601001e-09
1709;7.2292485758128431e-09
1710;7.1192916192869917e-09
1711;7.1192916192869917e-09
1712;7.1607233460988954e-09
1713;7.105427357601001e-09
1714;6.3583898427649779e-09
1715;6.2330890882559045e-09
1716;6.2330890882559045e-09
1717;6.2172489379008758e-09
1718;6.2172489379008758e-09
1719;6.2172489379008758e-09
1720;6.3583898427649779e-09
1721;6.2330890882559045e-09
1722;6.2330890882559045e-09
1723;6.2803698347350992e-09
1724;4.4408920985006253e-09
1725;4.4408920985006253e-09
1726;4.636427468134551e-09
1727;3.5803616730494477e-09
1728;3.5803616730494477e-09
1729;3.5803616730494477e-09
1730;3.5803616730494477e-09
1731;3.5527136788005005e-09
1732;3.5527136788005005e-09
1733;3.5527136788005005e-09
1734;3.5527136788005005e-09
1735;3.5527136788005005e-09
1736;3.7942998722140375e-09
1737;3.5803616730494477e-09
1738;3.5803616730494477e-09
1739;3.5803616730494477e-09
1740;3.5803616730494477e-09
1741;3.6620534388177895e-09
1742;5.3290705182007506e-09
1743;5.3290705182007506e-09
1744;5.3290705182007506e-09
1745;5.4930801582266841e-09
1746;5.3475422218306676e-09
1747;5.3475422218306676e-09
1748;5.4025784115714073e-09
1749;5.3290705182007506e-09
1750;5.3290705182007506e-09
1751;5.4025784115714073e-09
1752;5.3475422218306676e-09
1753;5.3475422218306676e-09
1754;5.3475422218306676e-09
1755;3.5527136788005005e-09
1756;3.5527136788005005e-09
1757;3.5527136788005005e-09
1758;3.5527136788005005e-09
1759;3.6620534388177895e-09
1760;3.7942998722140375e-09
1761;3.5803616730494477e-09
1762;3.5803616730494477e-09
1763;3.5803616730494477e-09
1764;3.5803616730494477e-09
1765;3.5527136788005005e-09
1766;3.5527136788005005e-09
1767;3.5527136788005005e-09
1768;3.5527136788005005e-09
1769;3.6620534388177895e-09
1770;3.7942998722140375e-09
1771;3.5803616730494477e-09
1772;3.5803616730494477e-09
1773;3.5803616730494477e-09
1774;3.5803616730494477e-09
1775;3.5527136788005005e-09
1776;3.5527136788005005e-09
1777;3.5527136788005005e-09
1778;3.5527136788005005e-09
1779;3.6620534388177895e-09
1780;3.7942998722140375e-09
1781;3.5803616730494477e-09
1782;3.5803616730494477e-09
1783;3.5803616730494477e-09
1784;3.5803616730494477e-09
1785;3.6620534388177895e-09
1786;3.5527136788005005e-09
1787;3.5527136788005005e-09
1788;3.5527136788005005e-09
1789;3.6620534388177895e-09
1790;3.7942998722140375e-09
1791;3.5803616730494477e-09
1792;3.5803616730494477e-09
1793;3.5803616730494477e-09
1794;3.5803616730494477e-09
1795;3.6620534388177895e-09
1796;3.5527136788005005e-09
1797;3.5527136788005005e-09
1798;3.5527136788005005e-09
1799;3.6620534388177895e-09
1800;3.5803616730494477e-09
1801;3.5803616730494477e-09
1802;3.5803616730494477e-09
1803;3.5803616730494477e-09
1804;2.7012892057857037e-09
1805;2.7012892057857037e-09
1806;2.6645352591003753e-09
1807;2.6645352591003753e-09
1808;2.6645352591003753e-09
1809;2.6645352591003753e-09
1810;2.8086667748613606e-09
1811;2.8086667748613606e-09
1812;2.7012892057857037e-09
1813;3.5803616730494477e-09
1814;3.5803616730494477e-09
1815;3.5803616730494477e-09
1816;3.5803616730494477e-09
1817;3.5803616730494477e-09
1818;3.5527136788005005e-09
1819;3.5527136788005005e-09
1820;3.5527136788005005e-09
1821;3.6620534388177895e-09
1822;3.6620534388177895e-09
1823;3.5803616730494477e-09
1824;3.5803616730494477e-09
1825;3.5803616730494477e-09
1826;3.5803616730494477e-09
1827;2.7012892057857037e-09
1828;2.6645352591003753e-09
1829;2.6645352591003753e-09
1830;2.6645352591003753e-09
1831;2.6645352591003753e-09
1832;2.8086667748613606e-09
1833;2.8086667748613606e-09
1834;2.6645352591003753e-09
1835;2.7012892057857037e-09
